{
  "run_name": "elliptic__gcn__weighted_ce__seed1",
  "config": {
    "run_name": "elliptic__gcn__weighted_ce__seed1",
    "architecture": "gcn",
    "imbalance_strategy": "weighted_ce",
    "dataset": "elliptic",
    "seed": 1,
    "hidden_dim": 64,
    "dropout": 0.5,
    "heads": 4,
    "learning_rate": 0.001,
    "weight_decay": 0.0005,
    "max_epochs": 200,
    "patience": 30,
    "focal_gamma": 2.0,
    "graphsmote_oversample_ratio": 1.0,
    "graphsmote_k_neighbors": 5
  },
  "dataset_info": {
    "num_nodes": 203769,
    "num_edges": 234355,
    "num_features": 165,
    "num_classes": 2,
    "train_count": 29894,
    "val_count": 5486,
    "test_count": 11184,
    "train_illicit": 3462,
    "val_illicit": 447,
    "test_illicit": 636,
    "train_time_steps": [
      1,
      34
    ],
    "val_time_steps": [
      35,
      39
    ],
    "test_time_steps": [
      40,
      49
    ]
  },
  "model_params": 14914,
  "best_epoch": 200,
  "elapsed_seconds": 84.37989115715027,
  "best_val_metrics": {
    "auc_pr": 0.6201760269172705,
    "auc_roc": 0.9085784127652189,
    "f1_best": 0.6310679611645522,
    "threshold_best": 0.781461238861084,
    "recall_at_50": 0.09395973154362416,
    "recall_at_100": 0.19686800894854586,
    "recall_at_200": 0.3713646532438479,
    "n_samples": 5486,
    "n_positives": 447
  },
  "test_metrics": {
    "auc_pr": 0.4252331771545059,
    "auc_roc": 0.8238679185657418,
    "f1_at_threshold": 0.40857787810383744,
    "threshold": 0.781461238861084,
    "recall_at_50": 0.07389937106918239,
    "recall_at_100": 0.13050314465408805,
    "recall_at_200": 0.24371069182389937,
    "n_samples": 11184,
    "n_positives": 636
  },
  "threshold_from_val": 0.781461238861084
}