{
  "run_name": "elliptic__gcn__weighted_ce__seed4",
  "config": {
    "run_name": "elliptic__gcn__weighted_ce__seed4",
    "architecture": "gcn",
    "imbalance_strategy": "weighted_ce",
    "dataset": "elliptic",
    "seed": 4,
    "hidden_dim": 64,
    "dropout": 0.5,
    "heads": 4,
    "learning_rate": 0.001,
    "weight_decay": 0.0005,
    "max_epochs": 200,
    "patience": 30,
    "focal_gamma": 2.0,
    "graphsmote_oversample_ratio": 1.0,
    "graphsmote_k_neighbors": 5
  },
  "dataset_info": {
    "num_nodes": 203769,
    "num_edges": 234355,
    "num_features": 165,
    "num_classes": 2,
    "train_count": 29894,
    "val_count": 5486,
    "test_count": 11184,
    "train_illicit": 3462,
    "val_illicit": 447,
    "test_illicit": 636,
    "train_time_steps": [
      1,
      34
    ],
    "val_time_steps": [
      35,
      39
    ],
    "test_time_steps": [
      40,
      49
    ]
  },
  "model_params": 14914,
  "best_epoch": 200,
  "elapsed_seconds": 83.01896286010742,
  "best_val_metrics": {
    "auc_pr": 0.6175381821390361,
    "auc_roc": 0.9071481815441347,
    "f1_best": 0.6333739342260569,
    "threshold_best": 0.804054856300354,
    "recall_at_50": 0.09619686800894854,
    "recall_at_100": 0.19463087248322147,
    "recall_at_200": 0.3713646532438479,
    "n_samples": 5486,
    "n_positives": 447
  },
  "test_metrics": {
    "auc_pr": 0.4022288650852729,
    "auc_roc": 0.818954471085162,
    "f1_at_threshold": 0.4031710079275198,
    "threshold": 0.804054856300354,
    "recall_at_50": 0.0660377358490566,
    "recall_at_100": 0.12578616352201258,
    "recall_at_200": 0.2389937106918239,
    "n_samples": 11184,
    "n_positives": 636
  },
  "threshold_from_val": 0.804054856300354
}