{
  "run_name": "elliptic__gcn__weighted_ce__seed3",
  "config": {
    "run_name": "elliptic__gcn__weighted_ce__seed3",
    "architecture": "gcn",
    "imbalance_strategy": "weighted_ce",
    "dataset": "elliptic",
    "seed": 3,
    "hidden_dim": 64,
    "dropout": 0.5,
    "heads": 4,
    "learning_rate": 0.001,
    "weight_decay": 0.0005,
    "max_epochs": 200,
    "patience": 30,
    "focal_gamma": 2.0,
    "graphsmote_oversample_ratio": 1.0,
    "graphsmote_k_neighbors": 5
  },
  "dataset_info": {
    "num_nodes": 203769,
    "num_edges": 234355,
    "num_features": 165,
    "num_classes": 2,
    "train_count": 29894,
    "val_count": 5486,
    "test_count": 11184,
    "train_illicit": 3462,
    "val_illicit": 447,
    "test_illicit": 636,
    "train_time_steps": [
      1,
      34
    ],
    "val_time_steps": [
      35,
      39
    ],
    "test_time_steps": [
      40,
      49
    ]
  },
  "model_params": 14914,
  "best_epoch": 200,
  "elapsed_seconds": 83.35776209831238,
  "best_val_metrics": {
    "auc_pr": 0.6186000510637363,
    "auc_roc": 0.9064669182168793,
    "f1_best": 0.6247139588095689,
    "threshold_best": 0.7482280135154724,
    "recall_at_50": 0.09843400447427293,
    "recall_at_100": 0.19686800894854586,
    "recall_at_200": 0.3691275167785235,
    "n_samples": 5486,
    "n_positives": 447
  },
  "test_metrics": {
    "auc_pr": 0.3975254458379226,
    "auc_roc": 0.8228138125084966,
    "f1_at_threshold": 0.4089935760171306,
    "threshold": 0.7482280135154724,
    "recall_at_50": 0.06761006289308176,
    "recall_at_100": 0.1289308176100629,
    "recall_at_200": 0.2279874213836478,
    "n_samples": 11184,
    "n_positives": 636
  },
  "threshold_from_val": 0.7482280135154724
}