{
  "run_name": "itaml__gcn__weighted_ce__seed0",
  "config": {
    "run_name": "itaml__gcn__weighted_ce__seed0",
    "architecture": "gcn",
    "imbalance_strategy": "weighted_ce",
    "dataset": "itaml",
    "seed": 0,
    "hidden_dim": 64,
    "dropout": 0.5,
    "heads": 4,
    "learning_rate": 0.001,
    "weight_decay": 0.0005,
    "max_epochs": 200,
    "patience": 30,
    "focal_gamma": 2.0,
    "graphsmote_oversample_ratio": 1.0,
    "graphsmote_k_neighbors": 5
  },
  "dataset_info": {
    "num_nodes": 515088,
    "num_edges": 5078345,
    "num_features": 10,
    "num_classes": 2,
    "train_count": 360599,
    "val_count": 77238,
    "test_count": 77251,
    "train_illicit": 5148,
    "val_illicit": 926,
    "test_illicit": 283,
    "has_typology_annotations": true
  },
  "model_params": 4994,
  "best_epoch": 5,
  "elapsed_seconds": 168.47569584846497,
  "best_val_metrics": {
    "auc_pr": 0.020745187377698433,
    "auc_roc": 0.6530227830751419,
    "f1_best": 0.04925923610666095,
    "threshold_best": 0.49872320890426636,
    "recall_at_50": 0.0010799136069114472,
    "recall_at_100": 0.0010799136069114472,
    "recall_at_200": 0.0010799136069114472,
    "n_samples": 77238,
    "n_positives": 926
  },
  "test_metrics": {
    "auc_pr": 0.024204513605649604,
    "auc_roc": 0.6629634159375306,
    "f1_at_threshold": 0.07015221707478492,
    "threshold": 0.49872320890426636,
    "recall_at_50": 0.0035335689045936395,
    "recall_at_100": 0.01060070671378092,
    "recall_at_200": 0.03180212014134275,
    "n_samples": 77251,
    "n_positives": 283
  },
  "threshold_from_val": 0.49872320890426636
}