{
  "run_name": "itaml__gcn__weighted_ce__seed1",
  "config": {
    "run_name": "itaml__gcn__weighted_ce__seed1",
    "architecture": "gcn",
    "imbalance_strategy": "weighted_ce",
    "dataset": "itaml",
    "seed": 1,
    "hidden_dim": 64,
    "dropout": 0.5,
    "heads": 4,
    "learning_rate": 0.001,
    "weight_decay": 0.0005,
    "max_epochs": 200,
    "patience": 30,
    "focal_gamma": 2.0,
    "graphsmote_oversample_ratio": 1.0,
    "graphsmote_k_neighbors": 5
  },
  "dataset_info": {
    "num_nodes": 515088,
    "num_edges": 5078345,
    "num_features": 10,
    "num_classes": 2,
    "train_count": 360599,
    "val_count": 77238,
    "test_count": 77251,
    "train_illicit": 5148,
    "val_illicit": 926,
    "test_illicit": 283,
    "has_typology_annotations": true
  },
  "model_params": 4994,
  "best_epoch": 200,
  "elapsed_seconds": 1217.7529771327972,
  "best_val_metrics": {
    "auc_pr": 0.031408779029059,
    "auc_roc": 0.7583105530507135,
    "f1_best": 0.062261380322658336,
    "threshold_best": 0.6562241315841675,
    "recall_at_50": 0.0064794816414686825,
    "recall_at_100": 0.01079913606911447,
    "recall_at_200": 0.0183585313174946,
    "n_samples": 77238,
    "n_positives": 926
  },
  "test_metrics": {
    "auc_pr": 0.04638258333553499,
    "auc_roc": 0.752236232909239,
    "f1_at_threshold": 0.0438871473354232,
    "threshold": 0.6562241315841675,
    "recall_at_50": 0.03180212014134275,
    "recall_at_100": 0.04240282685512368,
    "recall_at_200": 0.05653710247349823,
    "n_samples": 77251,
    "n_positives": 283
  },
  "threshold_from_val": 0.6562241315841675
}